"DESCRIPTION","DURATION IN MS","NAME","PARENT SUITE","START TIME","STATUS","STOP TIME","SUB SUITE","SUITE","TEST CLASS","TEST METHOD"
"","21166","Handling checkbox","chromium","2026-08-12","passed","2026-08-12","","checkbox.spec.ts","",""
"","52324","Multiple mouse hover","chromium","2026-08-12","broken","2026-08-12","","Mouse.spec.ts","",""
"","37949","Fetching table data","chromium","2026-08-12","broken","2026-08-12","","Table.spec.ts","",""
"","16709","Checking Page Title","chromium","2026-08-12","passed","2026-08-12","","verifyTitle.spec.ts","",""
"","42399","Multi Dropdown non select listbox","chromium","2026-08-12","passed","2026-08-12","","NonSelectListbox.spec.ts","",""
"","38887","Handling calender","chromium","2026-08-12","passed","2026-08-12","","calender2.spec.ts","",""
"","6900","Radio button","chromium","2026-08-12","passed","2026-08-12","","CheckboxCount.spec.ts","",""
"","14575","Drag and drop 1","chromium","2026-08-12","passed","2026-08-12","","dragdrop.spec.ts","",""
"","50161","Handling mouse hover","chromium","2026-08-12","broken","2026-08-12","","Mouse.spec.ts","",""
"","53095","Handling table data","chromium","2026-08-12","broken","2026-08-12","","HandlingTable1.spec.ts","",""
"","21348","Counting Items in listbox","chromium","2026-08-12","passed","2026-08-12","","countoption.spec.ts","",""
"","1425","Using built in Locators","chromium","2026-08-12","failed","2026-08-12","","BasicUi.spec.ts","",""
"","15169","Handling confirm","chromium","2026-08-12","passed","2026-08-12","","Alert2.spec.ts","",""
"","11346","Multiple Files Upload","chromium","2026-08-12","passed","2026-08-12","","singlefile.spec.ts","",""
"","16535","Handling Alert","chromium","2026-08-12","passed","2026-08-12","","Alert1.spec.ts","",""
"","15060","Verify optin in Listbox","chromium","2026-08-12","passed","2026-08-12","","VerifyItem.spec.ts","",""
"","38538","Handling Checkbox","chromium","2026-08-12","passed","2026-08-12","","CheckboxCount.spec.ts","",""
"","34529","Handling Non select listbox","chromium","2026-08-12","passed","2026-08-12","","NonSelectListbox.spec.ts","",""
"","6655","Counting Links","chromium","2026-08-12","passed","2026-08-12","","Countlinks.spec.ts","",""
"","15420","Handling Drag and Drop","chromium","2026-08-12","passed","2026-08-12","","dragdrop.spec.ts","",""
"","18769","Verify Url","chromium","2026-08-12","passed","2026-08-12","","verifyUrl.spec.ts","",""
"","20454","Counting Links part2","chromium","2026-08-12","passed","2026-08-12","","Countlinks.spec.ts","",""
"","6648","Double cclick","chromium","2026-08-12","passed","2026-08-12","","doubleclick.spec.ts","",""
"","19400","Right click element","chromium","2026-08-12","passed","2026-08-12","","doubleclick.spec.ts","",""
"","6863","Capture linktext and url","chromium","2026-08-12","passed","2026-08-12","","GetCommands.spec.ts","",""
"","59303","Rows and cell count","chromium","2026-08-12","broken","2026-08-12","","HandlingTable1.spec.ts","",""
"","40906","Handling iframes","chromium","2026-08-12","passed","2026-08-12","","frames.spec.ts","",""
"","11015","Basic Css Selector","chromium","2026-08-12","passed","2026-08-12","","BasicUi.spec.ts","",""
"","60018","Validate Get methods","chromium","2026-08-12","broken","2026-08-12","","getmethods.spec.ts","",""
"","57222","Handling single listbox","chromium","2026-08-12","broken","2026-08-12","","listbox.spec.ts","",""
"","18200","Handling Calender1","chromium","2026-08-12","passed","2026-08-12","","Calender1.spec.ts","",""
"","37245","Handling Auto suggestions","chromium","2026-08-12","broken","2026-08-12","","keyboard.spec.ts","",""
"","51120","Specified rows cell data","chromium","2026-08-12","broken","2026-08-12","","HandlingTable1.spec.ts","",""
"","50380","Handling keyboard","chromium","2026-08-12","broken","2026-08-12","","keyboard.spec.ts","",""
"","49461","All rows specified cell data","chromium","2026-08-12","broken","2026-08-12","","HandlingTable1.spec.ts","",""
"","43196","Handling non select listbox","chromium","2026-08-12","broken","2026-08-12","","NonSelect.spec.ts","",""
"","9056","Upload single file","chromium","2026-08-12","passed","2026-08-12","","singlefile.spec.ts","",""
"","1613","Handling prompt","chromium","2026-08-12","failed","2026-08-12","","Alert2.spec.ts","",""
"","10962","Get all Labels","chromium","2026-08-12","passed","2026-08-12","","GetCommands.spec.ts","",""
"","20807","Handling hidden Elements","chromium","2026-08-12","passed","2026-08-12","","dragdrop.spec.ts","",""
"","35659","Handling file download scenario","chromium","2026-08-12","passed","2026-08-12","","singlefile.spec.ts","",""
"","17816","Login test with asserts","chromium","2026-08-12","passed","2026-08-12","","Assert.spec.ts","",""
"","5304","Count in multilistbox","chromium","2026-08-12","passed","2026-08-12","","countoption.spec.ts","",""
"","56183","Handling multipleWindows","chromium","2026-08-12","broken","2026-08-12","","MultipleWindows.spec.ts","",""
"","33374","Handling Multioption listbox","chromium","2026-08-12","passed","2026-08-12","","listbox.spec.ts","",""
